Employee SSN,EID,Prefix,First,MI,Last,Suffix,DOB,Sex,Marital Status,Country,Address 1,Address 2,City,State,Zip,Home Phone,Mobile Phone,Work Phone,Email,Personal Email,Payroll Frequency,Deduction Frequency,Gross Salary,Location Number,Location,Job Class,Pay Group,Department Number,Department,Title,FTE,Hours Per Week,Hire date,Eligibility Date,Status,Enrollment Status,Termination date,Event date,PIN,Require PIN Change,As Of,Session UserID,Session City,Session State,Hourly Wage,PTO Balance,PTO Cost,Mailing Country,Mailing Address 1,Mailing Address 2,Mailing City,Mailing State,Mailing Zip,Country of Citizenship,Event Code,Event Description,User ID,Birth Country
488-75-9484,6159,Mrs.,Jeremy,Q,Campbell,,1989-12-25,M,Married,USA,700 Riley Ville,,Lawrenceberg,NY,19607,+1-400-264-3651x9111,001-917-991-1722x060,548-928-5148,tina13@hotmail.com,dscott@norris-white.com,Monthly,Bi-Weekly,82012.38,167,Harrismouth,Geophysical data processor,Monthly,57,Reinvent killer methodologies,Software Engineer,0.75,20,2020-07-19,2021-01-27,Active,Waived,,,3193,Y,2025-02-05,johnbanks,North Anthony,GA,23.63,98.49,73.97,Germany,027 Richardson Manor,,Cunninghambury,NY,53783,Canada,6757,Optimized bandwidth-monitored policy,jonesjose,India
232-66-6342,9376,Dr.,Brenda,Q,Hernandez,,1978-12-06,M,Widowed,UK,0647 Elaine Turnpike Suite 279,,Carneychester,TX,71027,945.255.9185x62920,(760)408-1792,603.991.8451,chad52@hotmail.com,kelly37@roberts.com,Monthly,Monthly,96470.52,183,Lake Jessica,Financial manager,Weekly,92,Engineer 24/365 e-tailers,Project Manager,0.86,20,2024-05-17,2022-08-14,On Leave,Waived,,,3047,N,2025-04-30,mmcfarland,New Evanfurt,CA,22.15,20.73,2814.79,India,97524 Joshua Ways,,West Adam,NY,28087,India,5164,Horizontal 4thgeneration open architecture,hendricksmariah,Germany
473-77-8228,9957,Misc.,Mario,M,Washington,,2003-03-03,F,Single,Germany,679 Giles Canyon Suite 285,,New Thomas,CA,89244,(039)398-5094x8883,001-285-545-1646x2180,+1-762-450-0936x643,ashleymason@hotmail.com,fernandezray@hotmail.com,Bi-Weekly,Bi-Weekly,53477.56,229,Port Oliviahaven,Chiropractor,Weekly,87,Architect revolutionary web-readiness,HR Specialist,0.55,30,2020-03-29,2018-11-21,Active,Waived,,,9172,Y,2025-01-23,graymelissa,Loriborough,GA,64.98,180.03,358.54,USA,7112 Alan Place,,Beverlyside,TX,9097,UK,6680,Centralized scalable Local Area Network,crystal63,Canada
554-77-9569,5966,Mrs.,Heather,M,Baker,,1974-04-15,F,Single,UK,50897 Strong Village,,Port Daniellestad,CA,23113,(381)354-0950x2413,065-551-2900x7046,(591)671-0684x92158,brandiarmstrong@howell-hanson.com,philipbartlett@hotmail.com,Weekly,Bi-Weekly,66026.76,439,Cruzshire,"Exhibitions officer, museum/gallery",Bi-Weekly,33,Repurpose intuitive action-items,HR Specialist,0.96,30,2021-05-05,2025-04-26,Inactive,Pending,,,9117,Y,2025-01-28,fzavala,Port Jennafort,NY,28.18,21.25,4888.29,USA,20334 Ashley Place Apt. 844,,North Jennifer,CA,13391,Canada,6284,Triple-buffered dedicated protocol,pstephenson,USA
719-49-2910,6321,Dr.,Warren,R,Wilson,,1973-05-27,M,Single,USA,3106 Patel Mountain Suite 840,,Delacruzberg,CA,53780,381-571-4409,416-548-9611x96441,(748)073-8327,fjones@mccoy-brooks.com,johnsonmichelle@johnson-wallace.org,Weekly,Weekly,55727.56,341,Perrystad,Retail buyer,Weekly,72,Streamline distributed solutions,Project Manager,0.54,20,2015-08-02,2022-08-14,Inactive,Waived,,,9787,Y,2025-04-28,kbailey,Crawfordland,FL,49.31,2.39,4762.06,UK,0464 Weber Manors,,Brianshire,CA,27494,Germany,5805,Progressive non-volatile success,richard32,India
866-41-9734,8770,Mx.,Jamie,P,Long,,1965-12-22,F,Married,India,44998 Miller Underpass,,Chungton,NY,94693,001-395-646-8146x39735,473-114-9665x723,(850)905-3426,kathywang@franklin.com,gomezjason@johnson-washington.com,Weekly,Monthly,107438.75,179,New Victorchester,Curator,Weekly,22,Repurpose killer architectures,Business Analyst,0.61,40,2022-04-09,2017-07-04,On Leave,Enrolled,,,5302,Y,2025-04-11,bcoleman,East Steven,CA,70.16,49.35,3215.37,UK,37182 John Junctions Suite 279,,Susanstad,NY,33531,USA,4652,Balanced national moderator,dale96,India
404-96-3549,7142,Dr.,Aaron,H,Rodriguez,,1993-02-02,M,Single,Germany,3768 Sandoval Square,,West Sherrimouth,TX,36821,(689)328-7177x08826,(411)607-8453x79507,5972738346,nathanburton@pierce.net,jensenmax@hotmail.com,Weekly,Bi-Weekly,109032.3,431,West Ellen,Trade union research officer,Bi-Weekly,10,Streamline enterprise paradigms,Data Analyst,0.83,40,2016-11-14,2020-07-05,Active,Enrolled,,,2805,Y,2025-01-01,zhall,South Amandaton,CA,69.48,10.77,4365.91,USA,062 Brendan Spurs Apt. 069,,Natashafurt,FL,15847,USA,3164,Total heuristic help-desk,brady65,India
754-52-1745,9014,Mrs.,Shirley,D,Morris,,1978-12-15,M,Single,USA,04843 Justin Plains Suite 920,,Jeffersonstad,CA,79770,762.649.8823,+1-841-057-7487x336,001-734-882-5400x24205,clarkjeffery@fitzpatrick.com,james14@brown.com,Weekly,Monthly,77347.94,230,South Brianna,Meteorologist,Bi-Weekly,41,Grow 24/7 platforms,Project Manager,0.97,30,2023-01-16,2023-04-26,Active,Waived,,,3113,Y,2025-01-10,larsonmichael,East Christophermouth,TX,67.77,19.39,1650.72,Canada,48136 Stevenson Centers,,Mendezhaven,NY,36927,UK,3946,Monitored bifurcated forecast,bondlinda,Canada
514-23-3486,1578,Dr.,Christopher,C,Osborne,,1999-12-27,F,Widowed,Canada,3410 Jenna Manors,,Port Johnbury,TX,23959,+1-187-348-1725x320,7283371711,(756)602-6984,ohouston@yahoo.com,lesparza@gmail.com,Monthly,Monthly,66807.91,128,Brandonfurt,Tourist information centre manager,Weekly,16,Deploy cross-platform functionalities,Data Analyst,0.78,20,2016-02-02,2018-04-25,Active,Pending,,,3394,N,2025-01-13,rdonovan,Michaelfort,TX,54.37,107.17,2101.5,India,79832 Morgan Mall Apt. 302,,Lake Melissamouth,FL,78142,Germany,2271,Adaptive discrete implementation,dominguezjennifer,USA
222-68-4060,7323,Mx.,David,L,Turner,,1970-03-03,M,Single,UK,688 Robinson Field,,South Danielleland,TX,31043,+1-657-164-9926,281-501-4215x7834,+1-571-321-2866x7541,shermansarah@fisher.biz,markthomas@hotmail.com,Weekly,Weekly,101871.11,496,New Jim,Risk analyst,Bi-Weekly,20,Incentivize magnetic vortals,HR Specialist,0.56,40,2015-12-03,2024-03-02,Active,Enrolled,,,2319,Y,2025-05-18,pparker,North Bruce,CA,38.56,67.36,2389.22,Germany,85274 Willis Cove Apt. 834,,Harmonside,CA,34634,Germany,5203,Extended high-level superstructure,dicksonmichelle,Canada
715-08-0981,1261,Mr.,Edward,G,Anderson,,1983-03-21,M,Widowed,USA,972 Jessica Meadows,,Tinaburgh,CA,68165,(723)050-0885x84941,814.036.5515x583,8955286683,timothy91@gmail.com,theath@hotmail.com,Monthly,Monthly,74272.38,367,New Michael,Financial manager,Bi-Weekly,56,Maximize impactful systems,Software Engineer,0.97,40,2020-08-12,2016-10-20,Inactive,Waived,,,8788,Y,2025-03-15,savannah04,West Julie,CA,50.7,36.93,2642.23,UK,6943 Rodriguez Manor Apt. 799,,Cesarborough,GA,51080,India,3659,Reactive uniform matrix,jrussell,USA
525-06-8268,4553,Mx.,Mary,M,Jordan,,1964-10-23,F,Single,Germany,6925 Moon Islands Suite 872,,Griffinburgh,FL,76256,861.054.4473,084-723-0496x2153,(668)214-7670,jorgestrickland@taylor.com,carolrubio@hotmail.com,Weekly,Monthly,98421.61,288,Anthonyport,"Sound technician, broadcasting/film/video",Monthly,17,Generate clicks-and-mortar web services,HR Specialist,0.86,30,2018-08-09,2019-09-23,On Leave,Enrolled,,,3627,N,2025-01-17,brandonrivera,Andrewville,FL,78.99,189.61,2529.67,UK,86872 Nancy Row Apt. 147,,Port Michaelport,NY,67702,Canada,8632,Robust solution-oriented adapter,jessicamedina,Germany
822-46-4454,4656,Misc.,Jennifer,D,Carter,,1973-08-19,F,Married,UK,735 Diane Divide,,Tonyfort,TX,17128,479.288.7538x7177,130-953-2469,702-572-8205x01184,kathleenanderson@gmail.com,pamela27@yahoo.com,Bi-Weekly,Bi-Weekly,65656.09,481,North Brandonside,"Psychologist, occupational",Monthly,30,Re-contextualize revolutionary convergence,HR Specialist,0.51,40,2017-10-31,2017-09-12,On Leave,Enrolled,,,5157,Y,2025-01-03,kellymclean,Williamsontown,FL,39.75,106.84,475.31,UK,48450 Thomas Dam Suite 792,,East Carolyn,GA,93401,USA,2956,Re-contextualized maximized projection,bcosta,India
390-55-2719,2136,Mr.,Dennis,R,Smith,,1976-04-05,F,Married,Canada,760 Tami Springs,,Sextonchester,FL,56521,404.528.4238,113-172-6802x6521,864-557-7573x9264,david22@brown.com,xrodriguez@ross-nguyen.net,Weekly,Monthly,52486.74,368,Steinfurt,Trading standards officer,Bi-Weekly,85,Enable distributed schemas,Software Engineer,0.66,20,2018-07-10,2023-03-05,On Leave,Waived,,,7253,Y,2025-02-14,bthomas,Scottside,GA,31.62,143.35,3438.05,India,30519 John Squares,,Aaronchester,GA,53568,Germany,1296,Grass-roots systemic secured line,ygolden,India
280-69-7142,9124,Dr.,Lisa,U,Hudson,,1967-06-02,F,Widowed,USA,005 Shannon Passage,,Hannahtown,TX,76169,589-340-5426x3467,(059)315-9189x321,3834706278,oanderson@garcia-sandoval.net,fsmith@reilly-lee.com,Bi-Weekly,Monthly,53271.14,472,South Desiree,Diagnostic radiographer,Bi-Weekly,86,Target bricks-and-clicks architectures,Software Engineer,0.89,40,2017-05-27,2019-02-18,On Leave,Waived,,,1029,Y,2025-05-06,aaron63,Bonnieside,NY,44.57,193.0,539.2,Canada,271 John Cape Apt. 107,,Lake Samantha,CA,11141,UK,5311,Managed national database,kristin97,UK
421-65-5230,8664,Dr.,Jessica,M,Newton,,1968-04-13,F,Divorced,Germany,859 Ashley Vista,,Natashaville,CA,7533,915-677-7452x9565,(018)571-2698x5341,976.926.8372,garciadavid@hotmail.com,miranda04@hotmail.com,Weekly,Weekly,101034.26,250,Beckerview,Tax adviser,Bi-Weekly,76,Repurpose cross-media experiences,HR Specialist,0.96,30,2018-11-19,2020-04-26,Active,Pending,,,4388,Y,2025-01-19,wilsondonald,Lake Amandaton,NY,55.84,93.99,474.73,Canada,152 Farrell Corner,,North Hayleyside,GA,7738,Germany,6318,Proactive foreground workforce,jpeters,UK
451-48-8682,1838,Dr.,Travis,W,Smith,,1977-03-25,F,Married,Canada,66729 Gray Mission Suite 507,,Williamsborough,CA,41505,+1-909-140-0415x2165,416-484-6659x99075,(693)021-8910,cherylphillips@gordon.org,debbie11@hotmail.com,Weekly,Bi-Weekly,99836.16,357,New Stuart,Television camera operator,Weekly,48,Incubate interactive e-services,HR Specialist,0.53,30,2016-03-18,2021-09-22,Inactive,Enrolled,,,6294,N,2025-03-05,ssaunders,Larsentown,CA,67.36,19.09,1265.91,UK,73215 Freeman Stream,,Mcdowellshire,NY,85317,India,8560,Operative reciprocal interface,fbuchanan,USA
535-03-1150,5694,Dr.,Tina,W,Hubbard,,1969-02-08,M,Married,India,82453 Schultz Pike Suite 263,,Devinton,TX,23526,+1-506-146-0043,246-796-2923x852,+1-142-423-7374,douglas98@mata.net,zgarcia@gmail.com,Weekly,Weekly,95685.61,373,Stevenhaven,Theme park manager,Weekly,45,Grow distributed channels,HR Specialist,0.59,30,2017-07-07,2024-08-15,Active,Waived,,,1062,Y,2025-03-29,zgibson,Port Melissamouth,FL,23.01,51.07,1252.82,UK,1307 Michael Well Suite 033,,Port Raymond,NY,94188,USA,7900,Front-line national success,smontgomery,India
690-55-4457,7112,Ind.,Connie,H,Green,,1973-08-19,M,Divorced,Germany,775 Madeline Meadows,,Claytonville,FL,89129,001-115-599-2990x0306,3195415760,+1-209-982-5977x1366,brendarodriguez@gmail.com,rodriguezcharles@gmail.com,Weekly,Monthly,87526.51,139,Smithport,Printmaker,Weekly,56,Empower one-to-one interfaces,HR Specialist,0.63,40,2022-01-19,2024-04-07,On Leave,Enrolled,,,6051,N,2025-02-28,adriennestephens,Penaton,TX,33.95,188.93,1969.02,Germany,5442 Perez Walk,,Thomasfurt,NY,86953,Canada,5211,Programmable demand-driven array,davidreed,India
166-70-6817,7862,Misc.,Nancy,U,Jackson,,1999-11-23,F,Widowed,USA,7837 Goodman Summit Apt. 883,,Willisbury,FL,24987,6862888324,549-364-4700,+1-106-355-7855x59484,michael25@roach-choi.com,joe62@hotmail.com,Weekly,Weekly,71012.07,485,South Billybury,Youth worker,Bi-Weekly,56,Strategize enterprise initiatives,Project Manager,0.95,40,2021-03-25,2025-02-18,On Leave,Waived,,,4309,Y,2025-05-16,chadbutler,Hensleyfurt,NY,50.29,134.3,233.51,Germany,34953 Melissa Station,,Port Shannonville,TX,38038,Canada,9539,Multi-tiered holistic Graphical User Interface,rebeccawallace,USA
143-71-6494,3833,Mx.,John,N,Gordon,,1990-07-14,M,Widowed,Germany,503 Eric Vista Suite 722,,Victoriaport,FL,41787,(581)546-5555,001-632-358-4548x5894,+1-757-322-6197,alexwells@michael.biz,morenosteven@yahoo.com,Bi-Weekly,Monthly,50368.59,253,South Oscar,Diplomatic Services operational officer,Weekly,26,Whiteboard seamless web-readiness,Business Analyst,0.55,20,2016-01-20,2018-10-02,Inactive,Pending,,,9083,Y,2025-05-17,jasmineramirez,Amybury,TX,32.27,19.57,3100.91,USA,94383 Flynn Landing,,South Dustin,NY,84760,USA,9143,Stand-alone incremental customer loyalty,kevin74,Germany
072-01-9180,5747,Mr.,Karen,O,Thomas,,1975-11-19,F,Married,Canada,305 Katherine Trail Suite 700,,Alexanderside,TX,49783,175-020-7726x2846,+1-651-213-3771x02704,5627872369,cynthia95@thompson.com,garrettdavid@yahoo.com,Bi-Weekly,Bi-Weekly,101904.19,156,North Keith,Geochemist,Monthly,40,Enhance mission-critical metrics,Project Manager,0.61,30,2015-12-09,2018-09-07,Inactive,Enrolled,,,5078,Y,2025-02-04,bjenkins,Williamhaven,FL,42.53,104.16,1337.56,India,568 Thompson Manors Suite 209,,North Julian,GA,92386,UK,9985,Virtual incremental leverage,charles75,India
594-57-2050,3233,Mx.,Jonathan,J,Rhodes,,1979-08-07,F,Married,USA,20909 Jason View Suite 286,,Lake Patrickshire,GA,88292,283-697-3674,(513)700-1403,960.763.7224x47676,dstone@yahoo.com,xharper@moreno.com,Bi-Weekly,Monthly,67523.97,284,Lake Edgar,"Therapist, horticultural",Bi-Weekly,68,Unleash vertical synergies,Project Manager,0.99,20,2023-08-29,2019-09-12,Inactive,Enrolled,,,3814,Y,2025-02-21,davidstephens,New Ryanfurt,FL,68.77,124.53,3379.95,USA,93009 Brown Track,,Gonzalezshire,CA,72464,Canada,4924,Digitized full-range function,holdenbrian,Canada
801-17-4873,3576,Mr.,Mark,H,Steele,,2003-02-01,F,Divorced,Germany,4719 Parker Trail,,Pricechester,TX,79810,001-478-6290,924-484-4547x1123,613-925-7066,pwoods@davis-ramos.org,hoovermary@smith.com,Weekly,Bi-Weekly,68605.79,233,South Steven,Company secretary,Monthly,11,Incubate end-to-end platforms,HR Specialist,0.82,20,2021-05-13,2016-10-16,Inactive,Enrolled,,,9157,N,2025-02-07,atrujillo,Vasquezbury,FL,38.04,7.53,1941.58,USA,309 Gray Parkways,,South Brandi,GA,85863,Germany,2037,Diverse client-driven database,powelljason,Canada
169-99-2747,2362,Ind.,Anna,M,Williams,,1967-04-28,F,Single,UK,81695 Lauren Ridges,,Brownchester,GA,74737,+1-696-060-2975x4577,001-789-260-9820,(877)323-5064,anthony69@yahoo.com,robertsonwilliam@johnson.biz,Weekly,Monthly,66330.79,420,East Ashleystad,Commercial art gallery manager,Monthly,99,Seize rich experiences,Business Analyst,0.55,40,2017-11-25,2025-01-31,On Leave,Pending,,,2002,N,2025-04-14,ldeleon,Jessicafort,NY,74.32,34.05,594.78,UK,57984 Kimberly Ford Apt. 013,,Antonioshire,FL,51530,Germany,4346,Implemented bottom-line algorithm,ustrickland,UK
095-91-3486,3048,Mx.,David,D,Phillips,,1999-03-07,M,Single,India,1796 Hart Route Suite 354,,North Arthurview,CA,41011,+1-218-411-4328x27246,141-740-0212x69265,395-920-0379x78648,greenheather@huff.com,nicholasevans@hotmail.com,Bi-Weekly,Weekly,108131.82,217,Bellmouth,Minerals surveyor,Weekly,47,Synergize cross-media interfaces,Business Analyst,0.71,40,2021-01-19,2019-03-15,Inactive,Waived,,,8085,Y,2025-03-16,rwilliams,Heatherfurt,FL,59.56,40.25,1753.46,Canada,091 Katrina Rapids Apt. 390,,Wuport,NY,95024,USA,1020,Self-enabling clear-thinking paradigm,patricialeach,UK
216-03-9929,8713,Mr.,Bryan,C,Bell,,1978-07-06,M,Widowed,India,23711 David Throughway Suite 866,,New Ryanton,FL,25378,(041)216-7227x5246,+1-639-124-5244x6418,(522)676-4404x78669,dstephens@jones.com,bennettbrandi@hotmail.com,Monthly,Bi-Weekly,64700.74,226,Samuelfurt,Music therapist,Monthly,87,Transition leading-edge initiatives,Software Engineer,0.83,40,2023-03-05,2021-09-21,Active,Pending,,,8204,Y,2025-04-06,dvance,Sandramouth,GA,74.41,145.11,2453.06,Canada,763 Fuller Lodge,,Jasonbury,TX,83189,UK,6745,Horizontal methodical flexibility,tylerjohnson,UK
760-99-8146,7581,Mrs.,Katherine,P,Henry,,1997-04-07,F,Divorced,Canada,366 Brown Cliff,,Amberland,NY,60462,948.124.0498,634-145-1658x86444,538.118.3003x686,burgessrichard@yahoo.com,ryan88@rogers-thomas.info,Weekly,Weekly,118855.68,484,Hawkinsport,Prison officer,Bi-Weekly,36,Seize ubiquitous roi,Project Manager,0.81,40,2017-08-21,2019-04-16,On Leave,Enrolled,,,6529,N,2025-01-10,emily98,Josephmouth,TX,56.06,144.76,3490.04,Canada,40957 Rachel Pike,,Torresborough,GA,26133,USA,3406,Cross-platform solution-oriented benchmark,kara78,India
173-30-9025,7501,Mrs.,Anthony,W,Page,,1975-08-13,M,Widowed,Canada,61548 Leslie Alley Suite 314,,Port Robertton,CA,80275,(156)171-2139x062,+1-927-409-8723x72299,(086)908-2617,john64@russo-edwards.com,tonya84@bradley-campbell.com,Bi-Weekly,Monthly,87791.72,496,Mcculloughtown,Secondary school teacher,Monthly,62,Unleash enterprise methodologies,Software Engineer,0.86,40,2022-11-24,2018-01-28,On Leave,Waived,,,6122,N,2025-05-03,gturner,West Lindastad,TX,52.76,108.8,4614.62,UK,35685 Michael Light,,Markchester,FL,12583,UK,6109,De-engineered dedicated migration,tburns,India
436-10-7860,1011,Dr.,Gary,P,Butler,,1971-08-28,F,Single,Germany,02032 Browning Rapid,,East Arthur,FL,29650,164.980.4519,882-604-6338,051-344-3138x21067,geraldclements@yahoo.com,davenportrandy@yahoo.com,Weekly,Weekly,88928.18,452,Ramosshire,Purchasing manager,Bi-Weekly,73,Deploy real-time functionalities,Project Manager,1.0,40,2019-04-24,2022-05-27,Active,Waived,,,5906,N,2025-04-24,dmann,East Emily,GA,72.78,74.27,4324.98,USA,4364 John Park Apt. 182,,South Tiffanyshire,GA,27956,USA,6435,Sharable dynamic neural-net,kayla70,USA
499-40-4037,5223,Mrs.,Anna,Y,Mitchell,,1987-04-07,M,Single,UK,5545 Nielsen Stravenue,,Williamsport,NY,51929,+1-788-908-6667,+1-068-576-1938x144,(396)768-8881,angela62@weaver-cochran.com,jkoch@hotmail.com,Weekly,Bi-Weekly,96626.08,260,Lake Ericbury,Clinical biochemist,Bi-Weekly,19,Leverage killer networks,Software Engineer,0.83,30,2021-01-06,2023-07-03,Active,Enrolled,,,8036,N,2025-05-11,ashley40,North Brady,FL,39.12,184.57,1498.51,UK,26269 Oneill Lodge,,East Jasonville,NY,93541,India,5803,Diverse leadingedge utilization,cheryljones,India
535-68-7587,4760,Dr.,Christopher,S,Hall,,1966-07-11,M,Single,USA,86324 Burnett Route Apt. 878,,North Nicholas,CA,60050,887-196-0142,950.209.4277,352.277.6551,james55@pearson.biz,esmith@warren-martinez.com,Monthly,Bi-Weekly,107570.93,250,Lake Nicole,Chiropodist,Bi-Weekly,40,Grow extensible channels,Business Analyst,0.5,40,2024-02-22,2016-04-16,Inactive,Enrolled,,,8255,Y,2025-04-07,morganjoseph,Heatherchester,CA,71.85,139.08,4120.75,UK,1510 Reed Hills,,South Donnahaven,NY,31074,UK,5889,Expanded actuating orchestration,bobby35,Germany
854-50-4312,6050,Ind.,Kimberly,A,Lopez,,1999-02-27,M,Single,Canada,273 Cameron Forge Apt. 001,,Walterchester,TX,73688,(670)159-8602x58775,001-014-613-1244x286,722.218.5125x612,jose27@hotmail.com,galvarez@hotmail.com,Weekly,Bi-Weekly,117970.53,125,Davidview,"Accountant, chartered certified",Weekly,18,Visualize ubiquitous channels,Project Manager,0.56,20,2015-07-25,2021-05-23,Inactive,Pending,,,7934,N,2025-03-23,kterrell,East Timothy,TX,74.49,18.66,290.24,Germany,38334 Gill Rue Suite 164,,East Andrea,FL,52444,Canada,5002,Enhanced value-added data-warehouse,nwright,Canada
346-34-9175,1195,Mx.,Thomas,J,Walton,,1993-08-29,M,Widowed,UK,081 Morris Road Suite 976,,Foxhaven,FL,7069,+1-804-387-1084x03963,001-152-046-0209,741-952-5925x904,loganmiller@mckinney-carlson.com,kristen37@yahoo.com,Bi-Weekly,Bi-Weekly,70385.54,288,Elizabethport,Education administrator,Bi-Weekly,38,Optimize turn-key e-business,Business Analyst,0.73,30,2023-03-17,2020-03-18,Active,Enrolled,,,6071,Y,2025-03-27,awilson,Wilsonburgh,NY,55.85,11.04,2094.81,USA,5497 Rebecca Streets,,East Carlosview,NY,45964,Germany,3009,Re-engineered system-worthy circuit,stephen44,Germany
629-91-1017,8179,Mx.,Ryan,D,Blake,,1991-11-30,F,Single,UK,1483 Medina Alley Suite 453,,West Brian,TX,70234,4996731152,621.948.7403x9577,+1-189-249-0921x09829,mcclainryan@hawkins.net,glennbridges@hotmail.com,Weekly,Weekly,55021.91,120,Troyburgh,Freight forwarder,Bi-Weekly,80,Productize leading-edge content,Data Analyst,0.98,40,2017-04-18,2024-11-16,Inactive,Pending,,,5227,N,2025-02-18,gglover,Amberfurt,FL,67.3,130.82,4781.36,India,5928 Kevin Parks Apt. 521,,Petersonport,FL,36939,USA,9911,Versatile value-added info-mediaries,christopherjones,USA
824-51-8862,7573,Mr.,Alexis,P,Golden,,1967-08-28,F,Single,Germany,5029 Melanie Stravenue Suite 206,,North Jeremyland,TX,17764,8379388767,001-118-957-3012x849,(628)402-6218,jill32@boyer.com,jamespope@abbott-cruz.com,Monthly,Weekly,105912.94,191,Kellymouth,Industrial/product designer,Bi-Weekly,64,E-enable leading-edge bandwidth,Software Engineer,0.55,40,2023-06-24,2023-07-09,On Leave,Enrolled,,,4635,Y,2025-03-11,martincharles,Robertsview,FL,65.96,144.26,334.5,Canada,02207 Ashley Throughway,,West Ashleyberg,TX,30269,Germany,7245,Intuitive logistical productivity,yarmstrong,Canada
834-70-0816,4078,Miss,Michelle,W,Russo,,1966-12-30,M,Widowed,Canada,47989 Thomas Mountain,,Colonburgh,FL,65206,4970655323,7109540305,(359)254-7205x7509,melendezpriscilla@yahoo.com,thomas58@greene.com,Weekly,Monthly,85016.32,449,Kristamouth,Publishing rights manager,Bi-Weekly,67,Transition b2c e-services,Data Analyst,0.58,30,2024-01-09,2025-01-23,Inactive,Enrolled,,,4209,Y,2025-01-01,cbolton,East Marciatown,NY,48.95,3.49,2210.75,Canada,1969 Robert Alley Apt. 188,,South Sydneyburgh,TX,46791,Canada,6307,Total interactive flexibility,jon23,USA
707-77-7859,3897,Mx.,Earl,C,Richardson,,1998-08-19,F,Divorced,Canada,514 Graves Walk Apt. 560,,Port Priscillaview,FL,98046,162-866-7502,(424)344-7905,500.717.7402,xdecker@hotmail.com,youngtammy@howard.net,Monthly,Weekly,98438.87,331,Jamesville,Heritage manager,Bi-Weekly,70,Transition out-of-the-box e-commerce,Project Manager,0.53,30,2018-11-24,2016-10-12,Inactive,Enrolled,,,9118,Y,2025-03-07,lancebrown,North Robertstad,NY,58.18,148.46,2157.92,USA,620 Alan Summit Apt. 221,,New Tonya,CA,91702,Germany,2404,Diverse 4thgeneration software,gclark,India
404-82-9880,7864,Mr.,Christopher,J,Newman,,1974-07-22,F,Single,UK,50914 Rodriguez Hill,,New Jeffrey,FL,28719,(367)299-0928x4946,(361)451-2353,(289)095-0831x6984,zcarter@johnson.com,barbaragarcia@jackson-huang.com,Weekly,Weekly,111156.42,116,West Mariaton,Ergonomist,Weekly,55,Unleash magnetic content,Data Analyst,0.73,20,2019-09-04,2021-10-29,Active,Waived,,,8677,Y,2025-01-29,scottroy,Sarahmouth,FL,76.9,86.65,739.06,Canada,1990 Taylor Path,,Janiceborough,TX,56371,India,9135,Open-architected multi-state access,monicajones,Canada
397-89-7683,9168,Mr.,Jessica,O,Lewis,,1988-10-19,M,Divorced,Canada,590 Valdez Rest Apt. 784,,Zacharyview,TX,21841,343-427-6873,892-767-1624,+1-005-111-6590x8202,kylemurphy@gmail.com,martinbrianna@hotmail.com,Bi-Weekly,Monthly,117313.56,379,East David,Academic librarian,Weekly,85,Drive transparent paradigms,Data Analyst,0.87,30,2019-10-07,2017-02-09,Inactive,Enrolled,,,7761,Y,2025-03-23,samuel18,North Elizabeth,FL,64.81,191.42,3987.39,Canada,051 Victoria Mission Apt. 664,,Michelleton,NY,90297,Germany,2054,Pre-emptive radical model,jonathanochoa,Canada
474-50-1198,6588,Ms.,Debra,Q,Baird,,1977-06-08,M,Widowed,Germany,233 Smith Burgs,,Jonesview,CA,88890,+1-559-356-6921x2909,+1-375-836-3919x73444,399-961-5009x745,randerson@salinas.com,allisonallen@johnston-dorsey.biz,Weekly,Weekly,81425.05,234,West Stanley,"Civil engineer, contracting",Bi-Weekly,22,Harness transparent content,HR Specialist,0.7,20,2023-09-25,2016-05-17,Inactive,Pending,,,7986,N,2025-04-25,velasquezbrian,West David,TX,77.87,88.87,477.19,Germany,387 Steven Fort Suite 807,,South Patriciafort,TX,94345,Germany,2968,Integrated multi-tasking middleware,chenlori,India
703-74-6870,5263,Mrs.,Daniel,K,Holden,,1985-08-07,F,Married,Canada,452 Wong Divide,,East Ronaldmouth,CA,89141,+1-570-289-4387,(970)618-5152x90077,305.138.8988x9787,hintondaniel@fitzpatrick.com,danielle05@gmail.com,Bi-Weekly,Weekly,108170.37,494,Elizabethmouth,Database administrator,Weekly,47,Empower best-of-breed initiatives,Data Analyst,0.64,20,2022-09-01,2020-08-28,Inactive,Pending,,,4356,N,2025-05-05,leeashley,New Timothy,FL,25.64,80.55,4067.55,USA,654 Delgado Turnpike Apt. 771,,Sanchezbury,GA,20980,India,1561,Reduced hybrid flexibility,hprince,Canada
203-65-0499,8666,Dr.,William,G,Anderson,,1976-06-08,F,Widowed,India,156 Evans Mountains Suite 552,,Port Joann,TX,70774,001-896-464-3799x22640,(887)478-9656x304,001-530-166-9378x2969,carlossullivan@yahoo.com,fferguson@boyer.com,Bi-Weekly,Monthly,49045.61,316,New Kayla,Chief Strategy Officer,Weekly,64,Disintermediate turn-key paradigms,Software Engineer,0.9,40,2024-03-09,2024-08-13,Inactive,Pending,,,9448,Y,2025-04-02,hillwendy,Sanchezview,TX,72.13,143.41,458.18,Germany,4117 Goodwin Prairie,,Lake David,FL,72422,UK,7971,Triple-buffered fault-tolerant concept,uschneider,Canada
024-38-6964,8478,Mr.,Brian,W,Harper,,1968-07-05,F,Widowed,USA,752 Susan Common,,West Benjamin,TX,82480,114.526.7265x04506,(820)966-7994,(607)613-6619x2332,connorcox@gmail.com,daniel23@cochran-butler.com,Monthly,Bi-Weekly,61603.63,458,South Kevinberg,Recycling officer,Monthly,50,Incubate enterprise deliverables,HR Specialist,0.63,30,2022-02-27,2024-12-01,Inactive,Waived,,,1189,Y,2025-03-18,joneskyle,Port Rachelshire,FL,55.12,2.71,2756.18,UK,1480 Robles Stravenue Suite 671,,Darlenebury,FL,48459,Canada,8194,Function-based optimizing system engine,erincooley,India
542-83-9019,3193,Mx.,Jacob,Q,Rivers,,1997-08-29,F,Widowed,Canada,6882 Mikayla Summit,,North Thomas,TX,60692,001-210-488-0073x860,1518174869,+1-843-038-2771x578,heathermacias@butler.info,allenkaren@dixon.com,Monthly,Weekly,66187.92,498,South Thomas,Volunteer coordinator,Weekly,96,Incubate front-end niches,Project Manager,0.86,40,2019-06-09,2015-12-27,On Leave,Pending,,,9337,Y,2025-03-09,elizabethstevens,Farrelltown,FL,59.65,182.99,2961.04,Canada,876 Powell Ville Apt. 112,,Lambmouth,FL,72588,India,4498,Optimized tertiary workforce,robertnguyen,Germany
306-81-9960,8619,Mx.,Karen,X,Owens,,1973-07-18,F,Married,UK,52309 Heather Parkways Suite 814,,Hodgeshire,GA,61624,2511442957,001-401-620-6874x0775,747-899-2180,ann17@boyd-hughes.com,raymondangela@sanchez.biz,Weekly,Bi-Weekly,56817.3,165,Lake Shannonberg,English as a second language teacher,Weekly,34,Redefine proactive networks,Software Engineer,0.66,40,2015-12-31,2018-10-05,Active,Pending,,,8298,Y,2025-03-26,cheryl31,South Cathy,TX,26.36,164.08,746.6,Germany,193 Craig Locks,,Susanberg,CA,7494,UK,9704,Up-sized discrete knowledgebase,garciajennifer,UK
869-08-4521,5042,Mr.,Linda,K,Hess,,1986-02-25,M,Married,USA,8601 Williams Wall,,Kelliview,NY,60850,001-565-281-2957x09856,794-076-2354x78046,001-028-337-6967,bellrodney@gmail.com,nathanwilliams@dominguez.com,Bi-Weekly,Weekly,80075.13,192,North Kelliside,Sports development officer,Bi-Weekly,69,Extend viral communities,Software Engineer,0.85,40,2020-07-01,2020-04-28,On Leave,Pending,,,2767,Y,2025-01-08,davisjames,South Jakebury,CA,24.35,115.82,4141.4,Germany,47640 Tammy Fields,,Thomasburgh,CA,57212,USA,5399,Synchronized zero administration product,tammy51,Germany
371-70-2508,6537,Mx.,Jay,M,Owens,,1991-01-25,M,Divorced,India,9933 Dylan Tunnel,,Lake Alanville,NY,60448,+1-989-240-7841x293,328-238-9711,045.347.5810x21842,timothymerritt@yahoo.com,cisnerosmatthew@yahoo.com,Weekly,Bi-Weekly,98713.34,356,Allenport,Phytotherapist,Weekly,44,Empower vertical synergies,Software Engineer,0.52,40,2020-07-17,2019-11-16,On Leave,Pending,,,3374,Y,2025-02-28,younglisa,West Sarah,TX,39.05,73.18,1646.56,UK,309 Haley Lake,,Troychester,GA,47681,India,8730,Organic needs-based hub,sherrysweeney,Germany
886-17-8484,5717,Mx.,Teresa,H,Harrell,,1972-11-12,M,Married,India,6287 John Trail,,Leemouth,GA,92294,616-595-3272,(869)863-5522x768,109-050-0714x1397,davidsmith@gmail.com,crawfordralph@clark.com,Weekly,Monthly,108786.93,167,Mitchellbury,Clinical cytogeneticist,Monthly,87,Revolutionize world-class schemas,Data Analyst,0.54,20,2021-05-18,2020-11-20,Inactive,Waived,,,4648,N,2025-01-19,blake10,Donaldmouth,NY,24.62,154.87,883.54,India,91752 Casey Roads,,Darrellborough,GA,89683,Germany,5121,Polarized mission-critical archive,gadams,UK
833-30-9189,4272,Dr.,Pamela,V,Wagner,,1993-05-05,M,Single,UK,426 Sanchez Lodge,,South Joshua,FL,68917,992-752-1342x0870,+1-140-120-3991x975,001-225-795-9143x15612,wkramer@gmail.com,jesse13@shaw-hill.com,Monthly,Monthly,99268.6,326,Jessicafurt,Systems developer,Weekly,29,Re-intermediate next-generation solutions,Business Analyst,0.86,30,2016-07-25,2019-07-18,On Leave,Pending,,,4856,N,2025-05-26,annboyd,Randallberg,NY,36.24,77.91,1828.38,USA,280 John Springs Suite 897,,Robertsview,CA,70890,Canada,4055,Reactive incremental analyzer,shahblake,Canada
674-06-7457,9084,Mr.,Victor,T,Benson,,1992-10-21,M,Widowed,UK,611 Charles Forest,,Alexandratown,NY,99472,425.374.9473x4887,+1-171-444-5345x523,+1-522-363-2161x760,brittanyroberts@arias.com,oavila@glenn.org,Bi-Weekly,Bi-Weekly,107344.34,411,Garcialand,Arts administrator,Weekly,28,Extend integrated models,Data Analyst,0.54,20,2020-08-28,2020-11-10,Active,Pending,,,5849,N,2025-05-04,charleschambers,New Shelby,CA,41.88,157.93,2405.75,UK,0841 Matthews Manor Apt. 277,,Jasonbury,NY,72529,UK,2393,Visionary 6thgeneration budgetary management,ymayer,UK
616-69-1981,6798,Mrs.,Emily,M,Smith,,1984-10-25,M,Widowed,Germany,70310 Long Greens Suite 452,,Susanview,TX,2629,+1-993-324-9861x6896,105.390.4875x167,(393)764-3136,hgraves@gmail.com,crystal03@dodson.com,Bi-Weekly,Bi-Weekly,111524.91,164,Collierhaven,"Producer, television/film/video",Monthly,92,Harness best-of-breed mindshare,Data Analyst,0.99,40,2017-04-13,2025-03-21,Active,Pending,,,7879,Y,2025-01-15,rubenlee,New Sarahview,FL,38.5,58.52,3997.8,Canada,92339 Aguilar Glen Apt. 136,,Bryantbury,TX,68856,Canada,2183,Focused system-worthy firmware,lroberts,UK
203-73-8606,9450,Mrs.,Marie,X,Shaw,,1978-10-05,M,Widowed,USA,167 Richard Landing Suite 666,,Lanceview,CA,87817,001-380-354-5128x2247,367-276-0507,527-752-6226x887,chasetownsend@hotmail.com,millerdarryl@hotmail.com,Bi-Weekly,Bi-Weekly,75672.78,397,South Thomas,"Surveyor, building control",Weekly,95,Redefine leading-edge systems,Software Engineer,0.53,20,2018-06-25,2024-09-06,Active,Waived,,,8965,N,2025-03-30,kelleyamanda,Seanchester,TX,45.22,117.41,4719.57,Canada,7390 Penny Prairie,,South Melissaport,FL,58877,USA,3910,Organized responsive structure,kathrynramirez,Germany
461-49-6785,8215,Mr.,Ronald,E,Torres,,1965-11-29,F,Divorced,USA,3679 Gutierrez Crossroad Suite 901,,Santiagohaven,FL,95264,(129)520-7571x5881,(050)655-8887,8720088736,morrisarthur@rodgers.com,vmiller@hotmail.com,Bi-Weekly,Monthly,50509.15,189,East Timothymouth,Television/film/video producer,Bi-Weekly,60,Empower web-enabled channels,Data Analyst,0.58,40,2016-08-02,2020-04-01,Active,Enrolled,,,7845,Y,2025-05-24,alexandria03,Kelliefurt,CA,39.56,129.86,3003.28,USA,6476 Coleman Road Apt. 567,,West Carlos,GA,26906,Germany,4908,Decentralized client-driven hardware,tina81,India
348-55-8356,2974,Mr.,Barbara,L,Schwartz,,1990-07-17,M,Married,Canada,621 Rachel Avenue,,West Zachary,FL,10667,001-378-864-7708x40613,+1-086-868-3393x1043,6706198529,thomasbradford@hotmail.com,anabaker@hotmail.com,Bi-Weekly,Bi-Weekly,90514.22,156,West Jill,Counsellor,Bi-Weekly,29,Iterate mission-critical infrastructures,Business Analyst,0.91,30,2020-04-02,2022-06-19,Inactive,Enrolled,,,7044,Y,2025-05-20,michael29,Washingtonberg,CA,38.26,80.68,4562.21,India,9382 Heather Cape Apt. 128,,Lake Devintown,CA,29793,Germany,3559,Cross-platform hybrid groupware,watsonchad,USA
817-91-2846,7412,Mrs.,Philip,L,Tate,,1989-05-01,M,Single,Germany,07170 Ross Meadow Suite 271,,East Vickiefort,GA,27791,001-763-572-0467x7714,001-998-436-5142x920,6272209251,kaylee65@anderson.com,christinazuniga@allen-jackson.org,Weekly,Weekly,57586.46,140,Port Billyside,Electronics engineer,Weekly,17,Benchmark proactive relationships,HR Specialist,0.5,30,2020-08-08,2016-03-19,Active,Waived,,,7862,N,2025-04-27,nicholas84,Lake Manuelmouth,GA,40.51,186.46,2061.22,Canada,722 Barnes Squares Suite 160,,Lake Alexander,GA,21914,Germany,5896,Decentralized next generation secured line,kevin72,UK
260-80-8720,7830,Dr.,Tara,Y,Elliott,,1996-01-18,F,Single,UK,638 Thomas Isle Apt. 103,,West Christopherchester,FL,40203,001-617-680-9868x37049,0007915867,001-298-291-1588x309,theresa83@burnett.com,wheelermegan@yahoo.com,Weekly,Bi-Weekly,46274.16,292,Combshaven,"Scientist, research (medical)",Monthly,24,Exploit 24/365 portals,Business Analyst,0.91,20,2023-12-15,2015-11-12,On Leave,Pending,,,5204,N,2025-01-11,donna35,Petersontown,NY,74.94,65.39,1623.52,India,944 Jeffery Inlet Suite 729,,Garciaville,TX,97234,India,5274,Multi-lateral background time-frame,karen67,UK
387-44-9919,9106,Ind.,Elizabeth,O,Cameron,,2001-07-06,M,Married,India,658 Adriana Loaf Suite 845,,Timothyshire,FL,62711,001-028-621-1774x828,3963940414,183.012.7610,krystal92@gmail.com,matthew07@padilla-taylor.com,Bi-Weekly,Bi-Weekly,95906.14,356,Patriciachester,Health physicist,Weekly,14,Enhance e-business markets,Software Engineer,0.53,40,2024-01-13,2019-08-21,On Leave,Enrolled,,,6550,Y,2025-03-24,nathanchoi,New Jamesberg,CA,21.15,50.63,339.95,UK,108 Jonathan Crescent,,Heatherburgh,FL,6878,India,1699,Phased homogeneous utilization,martinezshannon,USA
830-68-4908,8473,Mr.,Joshua,X,Payne,,1982-05-17,M,Married,Canada,5584 Bridget Brooks,,West Cathystad,FL,56645,534-032-9574x4075,+1-671-791-3436,669.921.0561x55330,carolynmay@duran-mcdaniel.biz,matthewsimpson@jackson-burke.biz,Monthly,Monthly,69169.21,239,Raymondton,Music tutor,Weekly,38,Generate integrated roi,Software Engineer,0.98,40,2023-08-25,2015-06-08,Active,Pending,,,3823,Y,2025-03-13,daviskimberly,Gregoryshire,NY,56.52,191.84,2379.67,India,04371 Bond Road,,Allenview,GA,29483,Germany,1762,Quality-focused encompassing attitude,jessicajohnson,USA
158-41-9819,6861,Mr.,Jenna,M,Olsen,,1967-10-31,F,Divorced,UK,39453 Mann Bridge Suite 524,,South Hannah,CA,15201,647.584.0829,+1-449-351-7243x061,+1-093-366-2812x87778,hparker@murphy.org,collin73@smith.org,Weekly,Bi-Weekly,80690.56,348,Greenmouth,Magazine features editor,Bi-Weekly,42,Utilize value-added e-services,HR Specialist,0.94,30,2021-10-22,2016-11-21,On Leave,Enrolled,,,2757,N,2025-03-07,ycallahan,Chloefort,NY,29.38,152.01,3554.42,UK,046 Johnston Course Suite 916,,Proctorchester,TX,46148,USA,6068,Universal multi-tasking functionalities,xmccormick,UK
541-78-4978,7276,Dr.,George,I,Cox,,1985-06-20,M,Single,USA,5496 Christina Road Suite 661,,East Rebeccaburgh,GA,94654,216.501.5097x02547,074.114.4681,955-830-4395x87408,xedwards@morgan.com,brenda02@hotmail.com,Weekly,Monthly,56976.51,500,Hicksborough,Operations geologist,Weekly,50,Aggregate synergistic e-tailers,Software Engineer,0.74,20,2021-02-09,2019-03-13,Active,Enrolled,,,1281,Y,2025-03-26,lacosta,Port Maryhaven,FL,22.01,190.57,757.98,UK,9720 Gardner Field Apt. 245,,South Jenny,CA,71490,USA,7982,Secured multi-state knowledge user,christine12,Canada
399-23-8265,5982,Mrs.,Joseph,L,Clark,,1977-10-23,F,Single,Germany,253 Sparks Parks Suite 292,,Lake Jennifer,CA,15610,001-819-778-0830x7947,695-725-1398,710.411.7400x17166,pyoung@white.com,jcox@hotmail.com,Monthly,Weekly,57558.23,313,South Tabithachester,Landscape architect,Bi-Weekly,95,Productize front-end roi,Data Analyst,0.6,30,2021-04-21,2019-08-02,On Leave,Waived,,,8960,Y,2025-01-25,lydiareid,Anthonyfort,GA,76.44,192.47,629.68,India,24539 Compton Branch Apt. 309,,East Alexander,CA,96035,UK,3922,Focused neutral superstructure,icervantes,Canada
503-65-3521,7653,Mx.,David,E,Lopez,,1974-04-12,F,Single,USA,8444 Holmes Forge Suite 064,,West David,FL,1433,001-123-468-7231x082,+1-674-084-9948,056-177-6015x4564,leslieking@richardson.com,michaelgeorge@hotmail.com,Bi-Weekly,Monthly,107611.06,437,Jenniferfurt,Museum/gallery curator,Weekly,85,Orchestrate holistic supply-chains,Software Engineer,0.57,30,2021-11-26,2016-03-22,On Leave,Waived,,,9608,Y,2025-01-10,chelseadowns,East Derekstad,TX,26.67,8.76,4081.19,UK,0275 Williams Forge,,Lake Lorettaport,TX,16001,USA,5477,Exclusive static parallelism,franciscoarnold,India
113-39-7238,3121,Ind.,Erin,X,Carlson,,1970-08-19,F,Married,UK,17214 Mccormick Turnpike Suite 134,,Port Kevin,FL,30003,001-249-429-4962x64908,(380)796-9867x366,(804)960-8274x463,uibarra@yahoo.com,kanderson@skinner-ray.com,Bi-Weekly,Weekly,47944.8,450,Port Samantha,Medical sales representative,Monthly,96,Monetize extensible eyeballs,HR Specialist,0.87,40,2022-04-04,2022-10-24,On Leave,Waived,,,2086,Y,2025-02-11,hayeschristopher,South Troytown,CA,22.15,152.17,1667.67,India,83759 Wilkerson Camp Suite 569,,Morganland,TX,7321,UK,4275,Operative user-facing capability,marcuswalters,Canada
456-23-4604,9832,Mx.,Brittney,N,Hughes,,1997-01-25,F,Widowed,Germany,6579 Bobby Fork,,Josephview,CA,7488,826.706.8130x039,0183986743,900.330.5114x2097,brandonjohns@gmail.com,marissa60@yahoo.com,Monthly,Bi-Weekly,101196.07,235,Yatesfurt,"Librarian, public",Weekly,89,Benchmark interactive action-items,Project Manager,0.99,40,2018-06-29,2019-07-25,On Leave,Pending,,,3969,N,2025-01-11,carla39,Brownshire,NY,53.43,133.43,2098.69,Canada,79707 Amanda Loop,,Jamesmouth,CA,16194,USA,4201,Stand-alone heuristic alliance,hallen,India
860-04-4234,7540,Mrs.,Sherri,C,Patton,,1974-03-06,M,Divorced,India,83240 Wilson Field,,Natashafort,CA,36055,001-079-690-7668x94365,(892)406-5646,001-362-640-4587,allison57@gmail.com,gregory17@marsh.info,Monthly,Bi-Weekly,90493.32,166,Lake Stephanie,Chief of Staff,Monthly,44,Synthesize turn-key interfaces,Project Manager,0.87,20,2023-10-25,2021-01-16,Active,Enrolled,,,7514,N,2025-02-16,lynn86,Russellbury,FL,57.97,97.6,2687.63,Germany,1026 Katrina Rapids,,Taylorburgh,CA,5822,UK,8024,De-engineered foreground standardization,zunigamarcia,USA
626-56-8586,3007,Dr.,Stephen,W,Cain,,1986-09-20,F,Widowed,India,78183 Davis Village Suite 993,,Davisville,TX,1855,(912)787-1884x17523,219.270.0713,(946)849-1097x760,erica39@yahoo.com,oortiz@yahoo.com,Weekly,Monthly,113870.75,239,Greenside,Commercial horticulturist,Bi-Weekly,10,Syndicate holistic content,Data Analyst,0.79,40,2024-02-12,2019-08-18,Inactive,Waived,,,8995,Y,2025-04-05,christopherholland,Stephanieville,NY,38.77,144.21,3541.17,Germany,8178 Melissa Brooks,,Schwartzhaven,TX,27309,Germany,7159,Configurable asymmetric array,michaelhunt,Germany
379-64-1375,5290,Mx.,Omar,I,Robinson,,1991-11-20,F,Widowed,UK,6252 Jennifer Landing Suite 668,,South Danastad,CA,24585,638-649-0433,366-379-0876,(863)089-7015x3823,schroederkrista@yahoo.com,rosalesandrew@gmail.com,Weekly,Monthly,79778.37,328,Timothyside,"Research officer, trade union",Monthly,26,Incentivize back-end info-mediaries,Project Manager,0.59,20,2021-10-13,2018-09-04,Active,Waived,,,9139,N,2025-01-08,brent56,West Chad,GA,65.32,12.5,449.11,Germany,355 Preston Skyway,,South Adam,NY,92486,Canada,2645,Upgradable methodical standardization,mortonjames,USA
131-29-3957,1554,Ms.,Cheryl,G,Davis,,2002-05-28,F,Married,USA,0006 Andrea Crest Suite 919,,New Brent,TX,69870,001-748-457-8460,311.036.0457x00098,9465365835,nross@yahoo.com,xmolina@hotmail.com,Weekly,Bi-Weekly,114337.87,169,South Davidburgh,"Geneticist, molecular",Bi-Weekly,79,Revolutionize one-to-one vortals,Data Analyst,0.59,30,2017-02-12,2025-05-15,Inactive,Enrolled,,,4709,N,2025-05-13,lincory,Smithshire,CA,56.97,145.29,3754.16,India,989 Jennifer Spring Apt. 965,,Kyleburgh,GA,83727,UK,6334,Enhanced grid-enabled benchmark,daniel54,UK
742-17-3334,5879,Dr.,Stephen,Q,Thornton,,1997-11-18,M,Married,USA,119 Denise Island,,Lake Melissa,FL,79998,001-340-047-3375,1338073153,749-507-8669x89091,mackenzie93@williams.com,owendaniel@hotmail.com,Bi-Weekly,Weekly,110517.24,246,Port Emily,Geographical information systems officer,Bi-Weekly,70,Target turn-key markets,Project Manager,0.55,20,2023-08-22,2017-12-01,Inactive,Pending,,,9203,Y,2025-01-29,gallegosconnie,Valerieville,FL,74.53,24.75,1213.74,Germany,979 Evans Lakes Suite 116,,Garciaton,CA,86193,Canada,6699,Object-based neutral paradigm,lrichards,Canada
691-15-8400,3077,Mr.,Sara,C,Martin,,1989-08-31,F,Widowed,India,94791 Mary Terrace Apt. 627,,New Daniellebury,GA,42528,(900)769-1537x2709,322-556-5226x780,462-318-9667x08783,cody91@hughes-graves.info,catherine55@crawford-moore.org,Weekly,Monthly,84402.03,258,Harrisside,Information officer,Weekly,38,Deliver vertical communities,Business Analyst,0.64,20,2021-01-11,2019-07-07,Active,Enrolled,,,9248,N,2025-03-17,mitchelldonald,Lambertland,GA,48.94,82.65,3395.4,Germany,024 Sullivan Ridge Apt. 574,,Horneburgh,TX,42265,UK,5798,Stand-alone fresh-thinking help-desk,valerie36,USA
189-36-2107,1501,Mx.,James,P,Cox,,1997-11-24,F,Married,USA,561 Smith Estate Apt. 869,,New Charles,NY,99370,(649)868-0649x151,532.663.8305x4516,+1-792-238-9219x9044,orichard@yahoo.com,kristiavila@yahoo.com,Bi-Weekly,Weekly,56468.05,390,Millerborough,Arboriculturist,Bi-Weekly,96,Strategize sticky systems,Data Analyst,0.64,30,2023-07-14,2017-04-01,Active,Enrolled,,,9964,Y,2025-04-04,kayla57,Adrienneside,NY,61.96,47.32,2248.05,Canada,777 Timothy Circles,,Griffinside,GA,19923,Canada,7061,Realigned client-server policy,daniel02,India
631-67-0908,5882,Mrs.,Sarah,V,Richard,,1975-05-12,F,Widowed,Canada,85214 Fry Row,,Weaverland,NY,26320,649-802-8954x1699,+1-388-621-5125,255-995-1094,xallen@johnston.com,robert89@gmail.com,Weekly,Weekly,89520.85,267,Harrisfurt,Chief Financial Officer,Monthly,52,Orchestrate wireless e-business,Data Analyst,0.83,40,2021-11-18,2018-03-16,Inactive,Pending,,,9149,N,2025-04-04,jpineda,New Staceyberg,NY,21.05,68.13,3392.98,Germany,156 Rebecca Hills,,New Robert,GA,19967,Canada,7651,Re-contextualized system-worthy hub,gregory17,Canada
426-94-0819,2315,Mrs.,Carla,T,Whitaker,,2003-02-22,F,Divorced,Germany,46009 Shawn Streets Apt. 926,,East Taylorberg,TX,46755,001-262-848-2330x3871,4869348225,001-906-821-3757x77960,davisandrew@hotmail.com,cristina83@hotmail.com,Monthly,Monthly,84319.7,204,West Nathanielburgh,Charity fundraiser,Weekly,20,Synergize cross-platform networks,Project Manager,0.91,40,2022-07-21,2023-07-28,On Leave,Pending,,,9180,N,2025-01-24,patrick25,Ryanfort,TX,55.52,38.68,2129.5,USA,181 Rachel Underpass,,South Reneebury,NY,90212,Canada,2646,Open-architected holistic throughput,cburton,USA
738-57-9412,4917,Mx.,Anthony,U,Saunders,,1981-05-23,F,Divorced,Germany,95936 Debbie Estates Apt. 017,,Lake Karen,TX,38540,+1-055-923-4237x252,777.383.8879x9326,(772)192-0981x31233,kingscott@gmail.com,villacorey@foster.com,Monthly,Monthly,112728.85,222,Banksside,Heritage manager,Monthly,37,Unleash impactful applications,Business Analyst,0.85,40,2017-06-26,2019-10-23,On Leave,Waived,,,1848,Y,2025-02-13,holmescraig,South Sheliaport,TX,20.1,71.29,2491.43,Germany,53554 Lisa Mountain Suite 398,,South Kristinton,FL,52037,India,6770,Extended systematic model,ktorres,USA
153-40-1627,2540,Dr.,Cassandra,I,Mora,,2001-09-30,M,Single,India,5134 May Village,,East Darrell,TX,53447,9355859744,001-648-448-5298,768.987.8448x269,lisa21@gmail.com,tbailey@gmail.com,Bi-Weekly,Weekly,55042.36,184,South Lisa,Logistics and distribution manager,Weekly,32,Seize extensible platforms,Business Analyst,0.97,20,2019-06-06,2022-06-06,Active,Waived,,,9572,Y,2025-02-21,briangarrett,West Maria,TX,35.14,61.35,1069.28,Germany,72285 Green Mission,,Thomashaven,NY,82192,India,9390,Synergistic 24hour benchmark,lisa88,USA
243-67-5057,4157,Ind.,Barry,K,Brown,,1974-05-30,F,Single,UK,635 Horn Manors,,North Rachel,TX,41515,725.458.2076x81160,001-770-719-9195x2030,523-195-0069,bryanfuller@gmail.com,estokes@yahoo.com,Weekly,Weekly,64649.67,466,East Janechester,Data scientist,Bi-Weekly,11,Strategize virtual technologies,HR Specialist,0.5,30,2020-09-15,2016-08-21,On Leave,Enrolled,,,1375,N,2025-01-02,kristinamoore,Lake Matthewfurt,GA,55.69,191.94,4861.65,India,21046 Williams Port Suite 199,,East Williamburgh,FL,42631,Germany,6889,Total encompassing Internet solution,cmorgan,India
186-91-2328,4081,Dr.,Jane,M,Ramirez,,1983-06-10,F,Widowed,Canada,11333 Megan Terrace Suite 603,,North Gregorymouth,GA,20072,966.826.4717,901.878.1833,+1-845-500-9385x228,hbranch@hotmail.com,bradley88@hotmail.com,Weekly,Weekly,118179.06,272,Mcclainberg,Armed forces logistics/support/administrative officer,Monthly,66,Streamline e-business functionalities,Business Analyst,0.66,40,2017-08-07,2018-07-21,Inactive,Pending,,,8103,N,2025-05-28,troach,Ericaberg,FL,48.79,40.04,2317.22,USA,341 Mark Way,,Lake Rubenmouth,CA,67703,Canada,3977,Implemented cohesive matrices,wendy95,Germany
265-98-4159,8227,Ind.,Jason,N,Lee,,1970-02-12,M,Single,India,62218 Bates Island Apt. 542,,Smithtown,GA,56103,6783090123,661.597.0868x6975,361.885.5453,qjordan@gmail.com,elizabethkim@arias.com,Bi-Weekly,Bi-Weekly,103357.85,201,Dennisfurt,"Doctor, hospital",Bi-Weekly,36,Mesh efficient functionalities,HR Specialist,0.64,20,2023-01-22,2024-01-16,On Leave,Pending,,,1311,Y,2025-04-04,lawsonmelissa,Huntberg,TX,74.47,199.5,72.28,Germany,72211 Holly Ferry,,Lake Donna,TX,70477,Canada,4174,Exclusive context-sensitive groupware,xriddle,UK
070-83-9016,2372,Mrs.,Terri,W,Walker,,1976-06-27,F,Married,Germany,2845 King Street,,Lake Charlene,FL,30103,001-039-473-9365,805.948.1345,8570742035,xbyrd@allen.biz,pattersonjames@gmail.com,Monthly,Monthly,113848.73,458,Alexandraton,Soil scientist,Monthly,59,Repurpose bricks-and-clicks content,Business Analyst,0.9,40,2022-07-16,2021-04-26,On Leave,Waived,,,6580,Y,2025-01-06,paulawest,Gonzalezland,TX,76.76,108.28,289.97,Germany,91401 Anderson Street Apt. 758,,North Casey,TX,7930,India,7350,Right-sized real-time projection,shepherdmichael,Germany
624-32-2111,1043,Dr.,Jesus,Y,Jones,,2003-04-24,M,Divorced,UK,47562 Houston Mountain,,East Molly,NY,39010,001-723-525-6559,024.176.5263,+1-406-950-1261x279,katherine48@carroll-smith.com,joshua21@williams.com,Weekly,Weekly,48591.65,281,Alberthaven,"Civil engineer, consulting",Monthly,23,Deliver distributed markets,HR Specialist,0.9,40,2019-09-04,2020-03-19,Inactive,Waived,,,3579,Y,2025-04-03,abrown,East Christopherport,GA,67.63,65.25,669.77,USA,48187 Rasmussen Harbor,,Brycehaven,CA,44041,Germany,4285,Synergized contextually-based software,veronicajohnson,Canada
823-88-8921,3267,Mr.,Sandra,J,Salas,,1996-02-16,F,Single,USA,1348 Henderson Rue,,Morrisfurt,CA,29246,001-651-991-4529,001-095-282-4109x1827,+1-745-915-7996x3869,douglassmith@hale.com,zjenkins@hotmail.com,Weekly,Monthly,72057.69,193,West James,Microbiologist,Bi-Weekly,37,Transition 24/7 architectures,Project Manager,0.88,40,2016-10-19,2024-07-17,On Leave,Pending,,,1771,Y,2025-05-24,rebekahparker,Bradleychester,FL,39.4,62.38,3952.12,India,99642 Jennifer Loop Suite 233,,North Christophermouth,CA,7875,Germany,6222,Organized tangible approach,stevenweiss,Germany
252-41-8501,8738,Mrs.,Mark,H,Bailey,,1998-05-31,F,Divorced,India,382 French Ranch Suite 730,,Port Robert,TX,89687,001-750-005-4113x917,+1-983-701-6488x169,935-599-2357x6849,bakerjulia@hotmail.com,bankscynthia@gmail.com,Bi-Weekly,Bi-Weekly,108310.38,231,Barronmouth,Trade mark attorney,Weekly,44,Scale virtual methodologies,Software Engineer,0.84,20,2018-11-08,2021-03-01,On Leave,Enrolled,,,4252,N,2025-02-19,rachel44,Vincentborough,FL,61.4,126.08,1963.54,UK,7295 Daniel Falls Apt. 979,,Christianview,NY,62359,UK,5353,Upgradable next generation circuit,jessica71,India
580-47-9287,2981,Mr.,Geoffrey,I,Rodriguez,,1970-06-28,F,Married,Canada,785 Emily Dale,,Ginaside,FL,31161,432-712-5161x67496,001-101-522-6930x9626,831-335-5924x927,nlyons@gmail.com,pjohnson@gmail.com,Weekly,Bi-Weekly,110697.92,207,Mccannview,Data processing manager,Bi-Weekly,82,Mesh scalable niches,Project Manager,0.68,30,2022-04-29,2018-07-17,Active,Enrolled,,,5706,Y,2025-04-26,dwells,West Jennifer,CA,74.78,53.07,3226.28,India,68469 Lee Corner,,North Jennifer,CA,24768,Germany,6979,Organized interactive budgetary management,washingtonmichael,USA
326-62-8707,1812,Ms.,Karen,A,Washington,,1993-06-25,M,Widowed,India,11039 Evans Plain Apt. 555,,Morrisonmouth,CA,59557,558-286-0789x21928,339.098.7727x3009,438-064-7738x387,rdavenport@soto.com,joecarter@yahoo.com,Bi-Weekly,Weekly,75157.0,481,Conradbury,Geographical information systems officer,Monthly,39,Utilize enterprise deliverables,Software Engineer,0.51,40,2019-09-08,2019-09-26,Active,Waived,,,9906,N,2025-02-21,kevin86,Dustinville,TX,74.36,143.69,771.19,Germany,1884 Jason Parks,,East Sarah,NY,74257,UK,8460,Organized non-volatile application,cooperkevin,Germany
400-09-6486,1915,Miss,William,S,Cortez,,1964-09-09,M,Divorced,Germany,633 Mark Estate Apt. 275,,Ryanburgh,GA,91571,(447)561-8552,(200)368-2819x598,001-874-176-2305x665,steven78@wilkins-perez.org,roberto87@chavez.biz,Bi-Weekly,Weekly,108615.67,242,Jacobsmouth,"Psychotherapist, dance movement",Bi-Weekly,65,E-enable 24/365 supply-chains,Data Analyst,0.52,40,2019-08-19,2020-02-08,On Leave,Enrolled,,,8300,N,2025-03-28,jeffreythompson,West Margaret,TX,53.14,181.44,122.07,Canada,6291 Ryan Lakes Suite 242,,East Tanyaland,GA,47139,Canada,5777,Implemented asynchronous synergy,jamespearson,USA
738-12-0164,6220,Dr.,Robert,D,Murphy,,1983-04-29,M,Single,USA,892 James Avenue,,Michaelburgh,FL,50818,466-259-3108x161,102.087.4063x1890,098-428-5613x6585,caseyhines@smith.com,smullins@yahoo.com,Bi-Weekly,Bi-Weekly,113297.3,210,Davisland,Heritage manager,Bi-Weekly,71,Benchmark wireless action-items,Data Analyst,0.67,40,2020-04-28,2016-01-18,Active,Enrolled,,,9859,Y,2025-05-22,krystal32,Kochburgh,FL,41.65,159.76,383.92,USA,851 Anderson Isle,,West Heather,NY,47384,India,9055,Re-contextualized zero-defect approach,bryantrobin,Canada
150-68-8196,9730,Dr.,Linda,N,Taylor,,1973-07-19,F,Divorced,Germany,6336 Kelly Extension Apt. 898,,Montoyamouth,FL,82845,001-685-223-4876,+1-302-170-2061x484,015.952.8800x5128,wardtiffany@yahoo.com,susankoch@yahoo.com,Bi-Weekly,Weekly,54281.92,447,North Heatherside,"Programme researcher, broadcasting/film/video",Weekly,39,Streamline frictionless metrics,Business Analyst,0.98,40,2017-03-21,2020-01-03,Inactive,Enrolled,,,5978,N,2025-04-25,davidgardner,East Christopherhaven,NY,65.12,23.08,4061.07,UK,85691 Cooper Course,,Susanstad,FL,2245,Germany,6009,Profound dynamic extranet,spearskara,USA
135-91-2908,3596,Dr.,Joseph,R,Colon,,1968-03-27,M,Divorced,UK,174 Allen Junctions,,Castrostad,FL,64732,(102)950-3781,(502)041-6127x29935,(909)677-0963,mmartin@phillips.com,sandragreene@hotmail.com,Monthly,Bi-Weekly,108426.39,135,Steventown,Glass blower/designer,Bi-Weekly,50,Maximize distributed schemas,Software Engineer,0.63,30,2019-07-13,2017-12-01,Inactive,Enrolled,,,7960,N,2025-05-27,kevinjones,Craigtown,CA,58.46,81.48,2100.08,Germany,0819 Daniel Via Suite 133,,Mitchellbury,TX,37461,India,8739,Seamless user-facing policy,deborah17,Canada
573-68-9567,3040,Dr.,Chelsea,J,Wilcox,,2000-06-03,F,Married,Germany,039 Dawn Cove,,Douglasbury,GA,86415,+1-130-572-9976x856,099.963.1917x859,953-646-5894,smithjessica@yahoo.com,johnbeck@davis.org,Bi-Weekly,Monthly,87078.06,158,South David,Holiday representative,Bi-Weekly,65,E-enable seamless markets,Project Manager,0.66,30,2019-02-21,2024-10-28,Inactive,Pending,,,7178,N,2025-03-07,cassandrasmith,Port Vernon,CA,29.67,58.16,1997.58,USA,829 Nelson Vista,,Jessicafurt,NY,72041,Germany,5144,Customizable zero-defect Graphical User Interface,mcdanieldonna,UK
868-34-4563,9563,Dr.,Jessica,J,Ruiz,,1993-02-01,M,Married,Germany,97547 William Summit Suite 575,,New Melanietown,GA,3399,506.187.8273,(426)627-3226x98949,+1-766-631-7045x787,bergtaylor@garcia.com,slewis@tapia.com,Monthly,Monthly,91620.06,343,New Drew,"Education officer, community",Monthly,27,Streamline intuitive niches,Software Engineer,0.73,40,2018-06-02,2016-01-25,On Leave,Enrolled,,,5702,N,2025-03-22,stevenabbott,Stephenfort,GA,66.56,108.68,2302.85,Germany,9505 Anna Pike,,North Jasonport,FL,6980,Germany,3638,Innovative bottom-line task-force,steven25,UK
865-66-7147,6035,Mrs.,Jennifer,J,Morris,,1973-08-01,F,Single,Canada,9237 Nixon Village,,Cummingsmouth,GA,16617,276-642-1211,526-156-7407x4706,001-658-674-9127x9904,christopher20@barker-medina.com,brenda29@haley.com,Monthly,Weekly,56409.42,313,Kellyton,Early years teacher,Bi-Weekly,32,Reinvent best-of-breed systems,Project Manager,0.96,40,2021-06-08,2023-05-30,Inactive,Enrolled,,,1086,Y,2025-01-21,uhahn,West Valeriefort,NY,31.42,167.71,4699.07,Germany,5735 Goodman Light,,East Jasonside,NY,39326,India,1961,Adaptive background product,cruzdaniel,UK
362-46-4978,2194,Misc.,Bruce,O,Johnson,,1982-04-17,M,Single,Canada,5178 Klein Drive,,Amyberg,NY,75889,655-198-0421x6609,445.938.7429x51750,(965)366-7166,matthew44@hotmail.com,russomichelle@gmail.com,Weekly,Monthly,107168.5,431,Port Jennifer,Tour manager,Weekly,39,Architect revolutionary infrastructures,Business Analyst,0.61,40,2018-05-27,2019-04-27,On Leave,Waived,,,9165,N,2025-04-19,mitchelljesse,West Michael,GA,69.38,196.84,2669.88,India,8505 Williams Junctions Apt. 572,,North Loganfort,NY,39367,Germany,4556,Managed mobile open system,zpeterson,UK
167-18-9222,7987,Mx.,Brenda,N,Reyes,,1993-05-25,M,Divorced,USA,7969 Brown Cove,,Rogersmouth,GA,36950,141.371.5180,+1-300-259-6171x39852,+1-602-606-6377x326,yruiz@yahoo.com,connerelizabeth@smith.com,Bi-Weekly,Weekly,67608.6,160,Nathanton,Government social research officer,Monthly,66,Aggregate distributed web services,Data Analyst,0.51,20,2016-04-21,2018-05-30,On Leave,Pending,,,5180,Y,2025-02-22,brucejenkins,South Michael,GA,78.9,153.99,3072.79,India,89185 Mario Crossing,,Brandyside,FL,15577,Germany,3260,Phased analyzing open system,kingbilly,USA
571-27-5283,9558,Mx.,Elizabeth,R,Jimenez,,1988-09-28,F,Single,Germany,0831 Chelsea Neck,,Lopeztown,TX,15051,698.431.5184,001-707-256-3561x13952,(839)328-6528x618,johnstout@gmail.com,fsmith@yahoo.com,Weekly,Weekly,74810.2,492,New Michaelmouth,"Engineer, communications",Bi-Weekly,34,Implement cross-platform architectures,Business Analyst,0.66,20,2016-10-29,2025-05-13,Active,Enrolled,,,5880,Y,2025-05-09,coopertara,Lisamouth,GA,68.53,58.41,1760.22,Germany,88481 Casey Brooks,,Alanshire,GA,77756,Canada,9441,Fundamental neutral task-force,across,Germany
182-27-3463,3066,Mrs.,Jack,R,Lewis,,2001-08-06,F,Widowed,USA,276 Patrick Locks Apt. 625,,Nicoleton,FL,63579,069-572-6965x111,+1-592-000-2018x01256,(994)475-9700x586,idelgado@sullivan.info,danielsmith@lewis.com,Monthly,Weekly,61319.85,255,Port David,Energy manager,Monthly,30,Enhance mission-critical niches,Data Analyst,0.67,20,2024-03-20,2018-06-12,Active,Waived,,,2163,Y,2025-03-07,ryan77,East Monicaburgh,TX,67.88,194.99,1660.59,Canada,0585 Yang Plains,,Kiddside,TX,96647,India,6588,Innovative context-sensitive archive,krichards,UK
833-29-5560,4511,Dr.,Lindsay,D,Gibbs,,1980-09-29,F,Single,Canada,454 Martinez Parks Suite 577,,South Carrieborough,GA,47598,825-742-4263,110.444.2456x91898,996.701.2489x53359,kennethcastro@shields.com,sbarnett@yahoo.com,Bi-Weekly,Monthly,80639.99,130,New Michelleshire,"Engineer, civil (contracting)",Weekly,39,Whiteboard turn-key eyeballs,Data Analyst,0.78,40,2016-03-28,2022-05-10,Inactive,Pending,,,2949,N,2025-01-13,laura25,Wolfview,GA,37.25,46.99,1488.57,Germany,13827 Tami Center,,Cannonstad,GA,77626,USA,9875,Mandatory stable superstructure,jonessarah,Germany
195-91-6390,6835,Dr.,Summer,K,Morse,,1992-12-16,M,Married,India,58341 Melissa Trail Suite 676,,North Juanton,TX,2422,6255700341,+1-964-935-5044x0004,115.037.4279x962,dwagner@house.com,colelisa@sanchez.biz,Monthly,Monthly,71694.62,259,Glassshire,Radiation protection practitioner,Monthly,76,Productize revolutionary web-readiness,Business Analyst,0.69,20,2020-11-12,2022-03-20,On Leave,Enrolled,,,5242,Y,2025-01-31,michael87,North Brianna,CA,55.61,60.34,3496.12,USA,3791 Smith Common,,Troyside,GA,51305,Germany,5905,Networked uniform task-force,warrengabriel,UK
499-12-6810,9639,Mr.,Sierra,F,Jones,,1997-05-04,M,Divorced,Canada,691 Barbara Locks Apt. 618,,Jeremyville,TX,11243,001-652-388-0334x436,871.141.4688x889,619.762.6622x1192,nicholsrobert@miller-campbell.com,joannastewart@reynolds.org,Monthly,Bi-Weekly,104915.93,197,Alexanderhaven,"Engineer, production",Monthly,10,Transition strategic markets,Software Engineer,0.9,30,2021-05-17,2017-02-14,On Leave,Waived,,,6887,Y,2025-01-07,nmiller,Port Curtisbury,NY,67.67,198.59,4152.33,India,34725 Rubio Row Apt. 092,,Jamesburgh,CA,14571,India,9012,Centralized user-facing challenge,bishopfrancisco,UK
